{
  "_format": "hh-sol-cache-2",
  "files": {
    "C:\\Users\\Kushagra Bhardwaj\\Desktop\\Final\\Hardhat-Contract\\contracts\\Voting.sol": {
      "lastModificationDate": 1700417970282,
      "contentHash": "ac917ce4235f65484365358b1ed337b8",
      "sourceName": "contracts/Voting.sol",
      "solcConfig": {
        "version": "0.8.11",
        "settings": {
          "optimizer": {
            "enabled": false,
            "runs": 200
          },
          "outputSelection": {
            "*": {
              "*": [
                "abi",
                "evm.bytecode",
                "evm.deployedBytecode",
                "evm.methodIdentifiers",
                "metadata"
              ],
              "": [
                "ast"
              ]
            }
          }
        }
      },
      "imports": [],
      "versionPragmas": [
        "^0.8.0"
      ],
      "artifacts": [
        "Voting"
      ]
    }
  }
}
